<?xml version="1.0" encoding="utf-8" ?>
<dwsync>
<file name="AgendaController.php" server="ftp.liderconsultoriaassessoria.com.br//public_html/saprev/" local="131450768940006421" remote="131450272200000000" Dst="1" />
<file name="Controller.php" server="ftp.liderconsultoriaassessoria.com.br//public_html/saprev/" local="131289810922720079" remote="131424945000000000" Dst="1" />
<file name="FinanceiroController.php" server="ftp.liderconsultoriaassessoria.com.br//public_html/saprev/" local="131328010639108719" remote="131424945000000000" Dst="1" />
<file name="PagesController.php" server="ftp.liderconsultoriaassessoria.com.br//public_html/saprev/" local="131423958576976944" remote="131424945000000000" Dst="1" />
<file name="ParametrosController.php" server="ftp.liderconsultoriaassessoria.com.br//public_html/saprev/" local="131328902736294081" remote="131424945000000000" Dst="1" />
<file name="PDFController.php" server="ftp.liderconsultoriaassessoria.com.br//public_html/saprev/" local="131326183397295583" remote="131424945000000000" Dst="1" />
<file name="ProcuradoresController.php" server="ftp.liderconsultoriaassessoria.com.br//public_html/saprev/" local="131406717231923633" remote="131424945000000000" Dst="1" />
<file name="UsersController.php" server="ftp.liderconsultoriaassessoria.com.br//public_html/saprev/" local="131441265873706149" remote="131441617800000000" Dst="1" />
<file name="UtilsController.php" server="ftp.liderconsultoriaassessoria.com.br//public_html/saprev/" local="131450769154308678" remote="131450277000000000" Dst="1" />
<file name="TasksController.php" server="ftp.liderconsultoriaassessoria.com.br//public_html/saprev/" local="131294983438096062" remote="131424945000000000" Dst="1" />
</dwsync>