<?xml version="1.0" encoding="utf-8" ?>
<dwsync>
<file name="Configuracao.php" server="ftp.liderconsultoriaassessoria.com.br//public_html/saprev/" local="131398519693547901" remote="131424945000000000" Dst="1" />
<file name="Financeiro.php" server="ftp.liderconsultoriaassessoria.com.br//public_html/saprev/" local="131327986691324673" remote="131424945000000000" Dst="1" />
<file name="Historico.php" server="ftp.liderconsultoriaassessoria.com.br//public_html/saprev/" local="131327638503685332" remote="131424945000000000" Dst="1" />
<file name="Parametros.php" server="ftp.liderconsultoriaassessoria.com.br//public_html/saprev/" local="131328897933225686" remote="131424945000000000" Dst="1" />
<file name="StatusMovimentoFinanceiro.php" server="ftp.liderconsultoriaassessoria.com.br//public_html/saprev/" local="131327973984408187" remote="131424945000000000" Dst="1" />
<file name="TipoMovimento.php" server="ftp.liderconsultoriaassessoria.com.br//public_html/saprev/" local="131327638097270277" remote="131424945000000000" Dst="1" />
<file name="TipoPerfil.php" server="ftp.liderconsultoriaassessoria.com.br//public_html/saprev/" local="131313754728603977" remote="131424945000000000" Dst="1" />
<file name="User.php" server="ftp.liderconsultoriaassessoria.com.br//public_html/saprev/" local="131328618963139534" remote="131424945000000000" Dst="1" />
</dwsync>